player_name,game_year,variant_1_prob,variant_2_prob,variant_3_prob
a.j. minter,2025,0.25400620270657515,0.14389626781151424,0.1359422156958735
a.j. puk,2025,0.38223098879117656,0.17819089609877625,0.20374926849797476
aaron ashby,2025,0.32603137977771496,0.37247021808308767,0.44133488155705164
aaron bummer,2025,0.18654437677039828,0.17076546857864186,0.1159505896898318
aaron civale,2025,0.22571644855822065,0.34545561091509475,0.23935161184454593
aaron nola,2025,0.20060828538329306,0.3178570141798823,0.23739954049857243
abner uribe,2025,0.16169800791870706,0.4277451932409462,0.24217768374049375
adam mazur,2025,0.28576637881753786,0.2839276533993198,0.2615897145961357
adam ottavino,2025,0.14264378821192486,0.10032175398473094,0.038542067023387985
adrian houser,2025,0.2801470831034175,0.29109621440016403,0.24100533617595774
adrian morejon,2025,0.4226845300642518,0.5354782420377522,0.6409212926434598
aj blubaugh,2025,0.26849760125548733,0.24318383818357633,0.22109843354160202
aj smith-shawver,2025,0.286498990796827,0.32408725521696213,0.3093847146126493
alan rangel,2025,0.1838395345438311,0.18185728391005446,0.10204839361294414
albert suárez,2025,0.12183941753276936,0.18345556027757806,0.07354235387729642
alek jacob,2025,0.3138451764083979,0.14123129682488975,0.13949089269876208
alex carrillo,2025,0.22081425071764818,0.22634181392228991,0.16762931287527622
alex lange,2025,0.274344130443989,0.13104766717903457,0.11519999730580137
alex vesia,2025,0.19769146145857228,0.32790293932619435,0.26963019114209485
alexis díaz,2025,0.06050114281108748,0.22204473380967582,0.03159944583403986
allan winans,2025,0.22969205481113122,0.07849703652881439,0.060129009193413185
andre granillo,2025,0.24556564124973018,0.27377726020182025,0.19792849156550674
andre pallante,2025,0.21530533046798803,0.43628073462151007,0.33835415930098234
andrew abbott,2025,0.2759146045014006,0.3464050600816929,0.3550396676051763
andrew alvarez,2025,0.23530277817378298,0.2809697651887428,0.20688789595527457
andrew chafin,2025,0.14897131852439421,0.21037379942175355,0.11461453688546151
andrew heaney,2025,0.32132123995014716,0.26316901060666126,0.3006246368127816
andrew hoffmann,2025,0.281970431113712,0.20683585182889697,0.1911003159552799
andrew kittredge,2025,0.24078202990775469,0.2955936615842145,0.2383552902567055
andrew saalfrank,2025,0.22437029357673316,0.1257301852127189,0.09843944509886113
andrew walters,2025,0.2643268322358611,0.128224236271941,0.09960460312849333
andry lara,2025,0.26012380100146587,0.19878017124518205,0.15837415042031147
andrés muñoz,2025,0.16993485429154903,0.5033465305150812,0.3439851283328708
angel chivilli,2025,0.19511460183820573,0.26323344769817336,0.18568830291008243
angel perdomo,2025,0.1939310094800898,0.13889774453954348,0.05708777147782291
angel zerpa,2025,0.19911332567610845,0.3430963840789785,0.27037764208352366
anthony banda,2025,0.218971178463652,0.46411663940640696,0.41500718460134983
anthony bender,2025,0.28156330641779836,0.3523838579160682,0.351084926540935
anthony desclafani,2025,0.3328810706090116,0.20602796477479748,0.22892910006535555
anthony maldonado,2025,0.2470241074125628,0.13723397872959364,0.09550545034519316
anthony misiewicz,2025,0.2355621923006094,0.13202496798664887,0.10838737479158038
anthony molina,2025,0.23296748498843037,0.19598792971060178,0.163674650198587
anthony veneziano,2025,0.24095631375638957,0.22811031761584014,0.19699632449898818
antonio senzatela,2025,0.33193093488055536,0.3998220361831479,0.35882638483130336
aroldis chapman,2025,0.18954787197818088,0.48432769946540927,0.37362321782805796
austin cox,2025,0.2142665927701333,0.21896118946311494,0.15599748647321166
austin gomber,2025,0.24543390878480306,0.2232865803787686,0.18403902935704858
austin pope,2025,0.24479347758965722,0.18699383518639368,0.133309113100327
austin warren,2025,0.40164757964812586,0.14843756229409502,0.19563398489331346
bailey falter,2025,0.2846256895180812,0.3837835057217742,0.3785587441978069
bailey horn,2025,0.22138380130532453,0.2069479588053868,0.15710674823534726
bailey ober,2025,0.23942881824991782,0.333800916890367,0.2386687963337456
beau brieske,2025,0.30609532139324586,0.25241315799611,0.26565404401205867
ben bowden,2025,0.22725038493119493,0.17823212485811174,0.124064450529952
ben brown,2025,0.28132563539492456,0.4763739390336014,0.42039614532456543
ben casparius,2025,0.24152950560638972,0.46066551714571585,0.37522122890968995
ben joyce,2025,0.39115352267046133,0.23163437249087984,0.2722199649609318
ben lively,2025,0.18823899754254275,0.33364315832693375,0.20676218328626675
bennett sousa,2025,0.2996580249527801,0.288946978185108,0.29147218253350565
blade tidwell,2025,0.284618527430674,0.3737470687718303,0.31595605170965013
blake snell,2025,0.27581539601579297,0.3325209801207077,0.30576190507903717
blake treinen,2025,0.2629878138452952,0.2697500449902163,0.21733851384004657
blas castaño,2025,0.14261994913314996,0.13472735178366346,0.059012382576266655
bobby miller,2025,0.32165335423404917,0.32196067138331674,0.3090450749380254
bowden francis,2025,0.29045161500289224,0.2917640606582447,0.25320558082045647
brad keller,2025,0.25682958592426064,0.3594647083042293,0.3102030074995583
brad lord,2025,0.26336119538662967,0.3601615935398537,0.3491774969806512
bradgley rodriguez,2025,0.24892001233351949,0.21854152289526552,0.2059176852243352
bradley blalock,2025,0.2520204123430379,0.369746839697315,0.30162986045121676
brady basso,2025,0.21118636689160608,0.1683081640436409,0.12436932512234364
brady singer,2025,0.2940066673384369,0.38341686803304825,0.3483243029628545
brandon eisert,2025,0.22138380130532453,0.28007218367851894,0.25342715607116895
brandon pfaadt,2025,0.2470241074125628,0.45250673645811745,0.389915569345103
brandon sproat,2025,0.25986150696013705,0.33812193614524694,0.2827022624405476
brandon waddell,2025,0.21470427292644412,0.17655277568935923,0.13618501073647707
brandon walter,2025,0.21046462024707716,0.23379648512948636,0.17238699561643916
brandon woodruff,2025,0.2904118689684549,0.287647291441377,0.22839166986786072
brandon young,2025,0.27152520199563246,0.35039130140920743,0.2877112172367447
brandyn garcia,2025,0.2400530147555771,0.24433910974646958,0.207867823771601
brant hurter,2025,0.23079682526761047,0.21999248480931355,0.16694867841741956
braxton ashcraft,2025,0.26540004667036504,0.3570484713645233,0.3045959130183389
brayan bello,2025,0.23315426183419186,0.5046507230139015,0.38522968272507174
braydon fisher,2025,0.2941333583769973,0.45723681408940947,0.4629938381348124
brenan hanifee,2025,0.259243921049398,0.24834084109841392,0.2252104689265532
brendon little,2025,0.21419955400393106,0.32052876818374654,0.30310943110148597
brennan bernardino,2025,0.2538040769341507,0.2496468263805861,0.24770420473233398
brent headrick,2025,0.2310185894698827,0.16659569181920672,0.12533602749340714
brent suter,2025,0.3104377164589493,0.24592789173328336,0.2570287806042701
brett de geus,2025,0.22403287081821752,0.10624380818912947,0.07857083782536904
brian van belle,2025,0.24342457164541376,0.12294950200460353,0.10431318231131019
brock burke,2025,0.27125250382486993,0.3958913381380554,0.42419775843262947
brock stewart,2025,0.2764736849728875,0.286222581581728,0.2542888568813933
brooks kriske,2025,0.21341380027588958,0.16273791955643235,0.12287073005742755
brooks raley,2025,0.24610855371445975,0.2404141755629581,0.19781687420465868
bruce zimmermann,2025,0.18989237592209168,0.1505592413855855,0.08468336989862311
bryan abreu,2025,0.12279082464169572,0.44180258733363015,0.21226118996629
bryan baker,2025,0.21982945805741314,0.369288605791378,0.29769873896559884
bryan hoeing,2025,0.2525792556653797,0.08110358399461391,0.06920161051511348
bryan hudson,2025,0.24044333563830353,0.21200580436126737,0.161165582826916
bryan king,2025,0.20012923665346125,0.3418311534577678,0.2832797446810496
bryan woo,2025,0.3741903331346186,0.3716773288152969,0.4266133020265366
bryce elder,2025,0.2381366588580672,0.3056690721153699,0.2303116769252301
bryce jarvis,2025,0.2898788178470003,0.16150109061618986,0.1635093955999381
bryce miller,2025,0.24278258107773906,0.32205231552523045,0.2853837175103161
bryse wilson,2025,0.24614198555936923,0.1566168225015647,0.12452643507754316
bubba chandler,2025,0.2769675519870845,0.4035730669525706,0.35867256947497334
cade cavalli,2025,0.3586275533632239,0.3448562221715047,0.3508332575752185
cade gibson,2025,0.23115699526850148,0.3094743633647809,0.279013530762194
cade horton,2025,0.25341017035552804,0.4613227460118843,0.40281000561632013
cade povich,2025,0.2648519962585579,0.33084518348828296,0.3064220595222186
cade smith,2025,0.46436512989619794,0.43888750181350134,0.6442112067818951
caden dana,2025,0.29903635976510773,0.2399015254582778,0.220569595515357
cal quantrill,2025,0.5582981936406423,0.40087254578298337,0.6563298497283849
caleb boushley,2025,0.2143131472865287,0.14812629824836615,0.10725316593651603
caleb ferguson,2025,0.30617954129811764,0.33737471516636786,0.3451191781513718
caleb freeman,2025,0.23752103962620538,0.2203518821723304,0.16827875309875798
caleb thielbar,2025,0.13286460970016015,0.4075734268352675,0.2568960006573449
calvin faucher,2025,0.3207351817673834,0.40022352203335165,0.43682245834700867
cam booser,2025,0.21348036482916447,0.32903854012566863,0.27414477168255635
cam sanders,2025,0.24187301343515752,0.24874288007235412,0.20731510753473872
cam schlittler,2025,0.29108058643657003,0.4254870612850203,0.3678750449304863
camilo doval,2025,0.13917325806682235,0.5007342515930224,0.2796773374392601
carl edwards jr.,2025,0.21306660123638216,0.16983042648631405,0.1250405536872737
carlos carrasco,2025,0.19141799280469252,0.21057627622600972,0.11141539622168857
carlos duran,2025,0.18585650044369728,0.16576730284997845,0.06669175871761143
carlos estévez,2025,0.10693425498978015,0.4260918136223599,0.15799873390324357
carlos hernández,2025,0.16742398313050544,0.35313418760999515,0.20028485180628888
carlos rodriguez,2025,0.15861531166978357,0.1802558580442706,0.1109902335754627
carlos rodón,2025,0.15198353481387827,0.5576656539196819,0.37966080897417065
carlos vargas,2025,0.20174389776340382,0.24293964717184283,0.1518080867524576
carmen mlodzinski,2025,0.34998276586413096,0.20052634624224913,0.23880365228242614
carson fulmer,2025,0.22327397833497298,0.17267034229888398,0.13205916524357755
carson palmquist,2025,0.2648519962585579,0.2708842085379708,0.24209821843503873
carson ragsdale,2025,0.27350110221372015,0.1955194497362781,0.14224317977126333
carson seymour,2025,0.24275171927709965,0.2624510422117674,0.1869568240900689
carson spiers,2025,0.2920273772007628,0.24248085049544962,0.21795517109460566
carson whisenhunt,2025,0.2449035830509995,0.25337899663467284,0.21518472981018313
casey kelly,2025,0.1699873883057066,0.11067487098213982,0.05571448041620677
casey lawrence,2025,0.15516448639692773,0.07531257126404474,0.03956007760730083
casey legumina,2025,0.2898788178470003,0.23564134118433225,0.23736670640152666
casey mize,2025,0.28681119464986715,0.3716787393248115,0.35738913699212144
chad green,2025,0.2801124273888915,0.28941536731667905,0.2528234912536839
chad patrick,2025,0.2226200820152636,0.3949502018228379,0.3065077378010836
charlie morton,2025,0.2242388579145978,0.45205418946734893,0.3412856524206355
chase burns,2025,0.19894040657075301,0.4818587911689909,0.36116530236299654
chase dollander,2025,0.2708179837808248,0.46617256375449717,0.4271622704480926
chase lee,2025,0.24669618702249013,0.18278876287515927,0.15799637638060185
chase petty,2025,0.2886022374747525,0.3499349455739488,0.32463654316359336
chase shugart,2025,0.20068841843931542,0.2501289439563767,0.187470006829118
chase silseth,2025,0.2826829379114934,0.1675367087743786,0.15248086901767224
chayce mcdermott,2025,0.2536060546929205,0.24396779853301934,0.1958207666425222
chris bassitt,2025,0.18275382141116822,0.343766289348996,0.23094578846611552
chris devenski,2025,0.27320684345792523,0.14304361238698077,0.1214028892676671
chris flexen,2025,0.20443196744099412,0.19674823878032666,0.13446002933561743
chris martin,2025,0.39118936446963554,0.24220950525449494,0.27850534450984876
chris murphy,2025,0.2803132588236179,0.23169014861332682,0.24814042000563197
chris paddack,2025,0.4160351221313248,0.43067613410071137,0.502762583107689
chris roycroft,2025,0.2669777977949729,0.1934735537764809,0.17376158260513763
chris sale,2025,0.42001319125157727,0.3789828803820581,0.5029887678964619
chris stratton,2025,0.21819587641113536,0.21662068002909182,0.15028575398639563
christian montes de oca,2025,0.15214072868270317,0.19937451771828985,0.07310695665753608
christian roa,2025,0.31138742061443003,0.20237502959455442,0.18894758299484818
cionel pérez,2025,0.21394205469660268,0.2811410963573257,0.23024455377055011
clarke schmidt,2025,0.323082893778542,0.3244895749654706,0.3102987100243479
clay holmes,2025,0.29854474677923726,0.5654517410907455,0.48888671810312556
clayton beeter,2025,0.22936061268352745,0.2922768521760342,0.2189345338330636
clayton kershaw,2025,0.41444653961910827,0.2667526271587184,0.2914607630338339
codi heuer,2025,0.30482233700239364,0.2186579442359668,0.20519915627896784
cody bolton,2025,0.23600566240482632,0.08040665999870455,0.05632417444872413
cody laweryson,2025,0.2570006859943791,0.13489576763117891,0.11628572656688013
cody poteet,2025,0.31015434596412106,0.09815671088162045,0.09746084033908259
cole henry,2025,0.2699314943583777,0.3880030652957644,0.3631699000305198
cole ragans,2025,0.24220951584724532,0.41454652714701157,0.3923982614956308
cole sands,2025,0.34301463084326744,0.35843047250140886,0.4089273924257642
cole sulser,2025,0.20515542320519692,0.16410483797573203,0.11600612232839506
cole wilcox,2025,0.25743564368887867,0.18433514684924987,0.1414494556574945
cole winn,2025,0.314458415962966,0.2348580185602941,0.2505006417933756
colin holderman,2025,0.2831268806535737,0.31123258388268055,0.2828401764290693
colin poche,2025,0.2857640960539139,0.21855093912119267,0.19215950397519618
colin rea,2025,0.23375882657084318,0.3281640455662826,0.25382502451862476
colin selby,2025,0.22081425071764818,0.17345034693170305,0.1195771581199583
collin snider,2025,0.23625237713062092,0.21557641669194258,0.16051294207674768
colton gordon,2025,0.22879872242259994,0.3195111283767601,0.24784999213925865
connelly early,2025,0.2770523965123856,0.3061056152554217,0.2900428931538762
connor brogdon,2025,0.30042990130810066,0.23811553303165187,0.26024922025177294
connor gillispie,2025,0.21885587655831212,0.2849303050643359,0.19996203289144499
connor phillips,2025,0.26425387038026543,0.20122525128277102,0.17867103578967122
connor seabold,2025,0.2836627603813822,0.10717816674629396,0.11455219017715322
connor thomas,2025,0.21128821061733613,0.10963516334159717,0.07863353256348675
cooper criswell,2025,0.31442796924540445,0.1088340310641882,0.10946198095606158
corbin burnes,2025,0.235501331841704,0.3555940593741376,0.26440962837630994
corbin martin,2025,0.2486847701606783,0.27089467567758413,0.20944645312645102
craig kimbrel,2025,0.18073742484919056,0.1338772393219336,0.08042299484707675
craig yoho,2025,0.22815593900663422,0.15290171415431622,0.11213859293644954
cristian javier,2025,0.1654995193293741,0.23324625184720604,0.09759668988971433
cristian mena,2025,0.1904807838499689,0.18222167746406695,0.09846421961091006
cristopher sánchez,2025,0.14787135184822353,0.38524896198748987,0.22840343541041527
dan altavilla,2025,0.23582386825686727,0.22101611563380472,0.1786632928291734
dane dunning,2025,0.2580176640221311,0.13275949019907726,0.10794352638463448
daniel lynch iv,2025,0.24336508682000682,0.26520716660754456,0.2481637387469249
daniel palencia,2025,0.25553739955682087,0.40406175767102304,0.39974839064856615
daniel robert,2025,0.21835640870360032,0.22386336816978417,0.15193474439299676
danny coulombe,2025,0.17579157150560085,0.24074443095516093,0.16595128794807346
danny young,2025,0.2027381625626943,0.13429394105449316,0.09952930564723243
darren mccaughan,2025,0.2169639673407983,0.12085032867941743,0.08294945753930075
dauri moreta,2025,0.15792971737571931,0.24739531926370167,0.1058682661479661
david bednar,2025,0.17183346063214144,0.43273657127009646,0.30219280480491406
david festa,2025,0.30892693255316617,0.2504733117328984,0.24743545834862998
david morgan,2025,0.2448475307519681,0.38437198325789357,0.3617454347682819
david peterson,2025,0.2601054781259808,0.3284978584832549,0.2869165782425317
david robertson,2025,0.16398034996095992,0.1977856868988116,0.10938807348814147
davis daniel,2025,0.2840837898851019,0.17910733005974766,0.1582826985490866
davis martin,2025,0.22403287081821752,0.29428565259427963,0.21648442196135512
daysbel hernández,2025,0.22645933599160234,0.3709526015060775,0.278378681617054
dean kremer,2025,0.26878299466332,0.29729707173643866,0.2687596099688916
dedniel núñez,2025,0.14453481067792917,0.19913374820877697,0.08472147047600811
dennis santana,2025,0.1760355059473614,0.38299953790153357,0.22920430904509612
devin williams,2025,0.26201219503367135,0.28283590202927356,0.3148877037801933
didier fuentes,2025,0.2167580982143973,0.35081945776152834,0.2871892080761509
dietrich enns,2025,0.16115987894515543,0.19773357948078427,0.13288099265668063
dillon tate,2025,0.32028413398062267,0.1367764892200159,0.15039416268612288
dl hall,2025,0.21692836597518605,0.179484258317599,0.15303118660363782
dom hamel,2025,0.2477191962171632,0.14961469771876976,0.10826291219536895
doug nikhazy,2025,0.21290677982551215,0.2644020682317753,0.1907332054352923
drew pomeranz,2025,0.3448406582833997,0.2921826259321976,0.2949463560118695
drew rasmussen,2025,0.28057095915510066,0.43319828229174673,0.3500756315084237
drew sommers,2025,0.22158988749529085,0.14967447742968293,0.1046159483123863
drey jameson,2025,0.3539211097168062,0.13661006714809334,0.18705484954299303
dugan darnell,2025,0.23056974697721164,0.19346191145505073,0.14796792815045437
dustin may,2025,0.47011398641702323,0.205728610160068,0.27596988829050184
dylan cease,2025,0.21678659234660502,0.5513591127772051,0.46395152685294294
dylan dodd,2025,0.22138380130532453,0.1722717828348629,0.14279456279616076
dylan lee,2025,0.2408376788340316,0.4481544786060683,0.42719257285434725
dylan smith,2025,0.27587062832769854,0.20418741733731968,0.18365727080894792
easton lucas,2025,0.23970106516475403,0.2662646366751707,0.22976278648190396
easton mcgee,2025,0.3226246549162707,0.18845117736165856,0.16757217033190505
edgardo henriquez,2025,0.2377776519996313,0.2422677837652223,0.1834600010580351
eduard bazardo,2025,0.19988891866760164,0.33421575818866706,0.2531538696077164
eduardo rodriguez,2025,0.2052288592971631,0.31254579792618453,0.20368805007822777
eduardo salazar,2025,0.2028110712201834,0.262295929339913,0.18672835528288748
eduarniel núñez,2025,0.1688363406344071,0.2957952676066003,0.1474248496157118
edward cabrera,2025,0.24415251305442123,0.3450480943253387,0.23419779821548123
edwin díaz,2025,0.0706073452937887,0.44248152631051735,0.11892936997465704
edwin uceta,2025,0.13116971809870023,0.2534884757939658,0.11808611948823167
eli morgan,2025,0.24616143426287423,0.11605826502181889,0.10524511020390664
elvin rodríguez,2025,0.15310514402143233,0.19306416918232888,0.07309165092142825
elvis alvarado,2025,0.1747891501498649,0.3789940324730064,0.2214208442182203
elvis peguero,2025,0.1718973102142052,0.1239914034637779,0.051733721702316576
emerson hancock,2025,0.31670847954617776,0.26372192363770525,0.2699626633401394
emilio pagán,2025,0.18089753811167475,0.32023053045215627,0.24941553669291996
emmanuel clase,2025,0.14468719426680113,0.40997952419321265,0.2157850400892065
emmet sheehan,2025,0.32165335423404917,0.3945729989670007,0.37269809001177273
enyel de los santos,2025,0.12118595786091618,0.34928820089959683,0.15043569649070654
erasmo ramírez,2025,0.09829777274012501,0.09829248145468074,0.03471754689130954
eric lauer,2025,0.3688473021084328,0.2662045867799502,0.2963592157100189
eric orze,2025,0.24775551955877642,0.20831386344319527,0.183172260727993
erick fedde,2025,0.31803397247014864,0.3294853041475819,0.347186754748869
erik miller,2025,0.21164900120165187,0.28888620388356745,0.23575378145283762
erik sabrowski,2025,0.40804092405885994,0.2733141641610558,0.37401593833544106
erik swanson,2025,0.352006810764845,0.12349449307249909,0.13542504783221493
ethan roberts,2025,0.2633570975929404,0.15735486696641499,0.13541397200565647
eury pérez,2025,0.2632156975665871,0.4705751335308602,0.3298420894870372
evan phillips,2025,0.24648992147090384,0.18118939015082586,0.13727233964927416
evan sisk,2025,0.21367720521908395,0.14913798593976182,0.11683163961572922
fernando cruz,2025,0.05661595882707955,0.189865809926317,0.029283642578318104
forrest whitley,2025,0.27204981715845317,0.30960834687766925,0.24325525874570747
framber valdez,2025,0.11121494182937507,0.4397919614948512,0.20093256693607484
frankie montas,2025,0.1596977475504884,0.35889202728237335,0.16088579969034095
fraser ellard,2025,0.21505341131909972,0.2382671556838304,0.18206081590502954
freddy peralta,2025,0.24494272604728193,0.4639872739914834,0.36238566270055006
freddy tarnok,2025,0.3275828175594561,0.1626859960731837,0.17534846131695206
félix bautista,2025,0.2048191750173952,0.3102981408536943,0.154392704558214
gabe speier,2025,0.22408598158178292,0.29669798290577826,0.2824918256612518
garrett acton,2025,0.23266660800363717,0.14369925238916895,0.10949811571813826
garrett cleavinger,2025,0.2161775324495208,0.5570557839056642,0.49010296913654156
garrett crochet,2025,0.35565873484283506,0.4839823827081052,0.5069615896655334
garrett mcdaniels,2025,0.2503106047802146,0.19323092325537952,0.17066831860277823
garrett whitlock,2025,0.28903672490440624,0.30632477016984794,0.3030438018113854
gavin hollowell,2025,0.26754618232916094,0.20870133854817594,0.16006268778284768
gavin williams,2025,0.3100265389235086,0.4806717432175868,0.4192579415406001
geoff hartlieb,2025,0.20087148148556544,0.17497158347548694,0.10116429128002315
george kirby,2025,0.25032050807348105,0.40482238301415946,0.35371913032374114
george soriano,2025,0.1489603248750258,0.20426165933200563,0.09669154605836806
germán márquez,2025,0.2792026663047496,0.35904350431574544,0.27127742941108207
gerson garabito,2025,0.13692379421559447,0.17235525387258957,0.07221957463870997
gordon graceffo,2025,0.26570149262677817,0.2818839323071011,0.24213676793023303
graham ashcraft,2025,0.26033298052532666,0.4728740821521874,0.4252099747292714
grant anderson,2025,0.21433481347904676,0.35085795122864155,0.3007620120107542
grant holman,2025,0.26446359397993435,0.1746644014466494,0.14776489099967152
grant holmes,2025,0.1923998465665861,0.3837061135177623,0.24725254633564847
grant taylor,2025,0.2683450849242764,0.4091842550369342,0.3644517902813944
grant wolfram,2025,0.22781825648386014,0.281488281123105,0.2091644354197347
greg weissert,2025,0.1954838247295232,0.3530179330310685,0.270447513458175
gregory santos,2025,0.24517192941138444,0.2529591488257666,0.16995748069978808
gregory soto,2025,0.10317048351564173,0.5413507569533806,0.26996700609978896
griffin canning,2025,0.29128639979715804,0.3670044158842605,0.37593654931823395
griffin jax,2025,0.2116707035544218,0.44610149843200475,0.3875065788002715
gunnar hoglund,2025,0.25625127808461773,0.29644108965042454,0.22303100863501027
génesis cabrera,2025,0.1345817812552504,0.27960330655016397,0.14396327231128725
hayden birdsong,2025,0.2781966105104071,0.3251627997742994,0.3012932898297868
hayden harris,2025,0.2291474392077895,0.12187050533307138,0.10231649307991479
hayden wesneski,2025,0.28829584084943183,0.28318911591054224,0.24678371123011605
hoby milner,2025,0.23196178452646485,0.15469219673728113,0.13636914499666203
hogan harris,2025,0.20101440339730284,0.2582947616402156,0.20124558441005835
huascar brazobán,2025,0.120745843431171,0.2482250046574813,0.1330758765908233
hunter barco,2025,0.2400530147555771,0.1505733580006743,0.12078497371298513
hunter bigge,2025,0.21530533046798803,0.28777604539247853,0.21301937389580342
hunter brown,2025,0.22936061268352745,0.3877887581269473,0.3313494317507091
hunter dobbins,2025,0.26257050576858754,0.41887335883500754,0.37147389140540343
hunter gaddis,2025,0.23968588102624017,0.37729363431771146,0.31307335135990705
hunter greene,2025,0.3658855389654093,0.44970832488521895,0.4861290204490021
hunter harvey,2025,0.2968969203796301,0.20606085296385535,0.19463922557509195
hunter stratton,2025,0.2772202409177065,0.19498135100552447,0.16044663853277813
hunter strickland,2025,0.19796690778306977,0.12149808172001844,0.07762610229171023
hurston waldrep,2025,0.3303083922443845,0.2575530598868453,0.2709639423467789
héctor neris,2025,0.09144820544012909,0.1931683421581224,0.05729992060159268
ian anderson,2025,0.32965752785423225,0.11030584799662567,0.14153440977187495
ian gibaut,2025,0.22363221638689562,0.2176339093622286,0.1441636405370002
ian hamilton,2025,0.31246023510565396,0.2140540388796824,0.2300229603240781
ian seymour,2025,0.20162750220737508,0.18001077327547102,0.142033949519183
isaac mattson,2025,0.20745702982031636,0.281139943882101,0.2064997704974022
isaiah campbell,2025,0.1918087681208814,0.17707803329683314,0.10603127870606736
j.p. feyereisen,2025,0.2901779225411565,0.10792466935478788,0.09508222584955624
j.p. france,2025,0.2494584683088918,0.15800128356015664,0.11675686229013704
j.t. ginn,2025,0.2519043203251331,0.3431790964174349,0.28198861949753967
jack dreyer,2025,0.23325757785047516,0.4474667975793918,0.4026334969760551
jack flaherty,2025,0.3240128117371692,0.3968667846669176,0.3900374885584861
jack kochanowicz,2025,0.2885255283711024,0.43577521701327526,0.38284916178680345
jack leiter,2025,0.24851262057438317,0.395902983122174,0.342569402706256
jack little,2025,0.26723718808128577,0.16134480073228666,0.1401425328395984
jack perkins,2025,0.22918230143605567,0.2648285950771567,0.20040659617676704
jackson jobe,2025,0.2881772069394168,0.3213182553798544,0.2991966291032554
jackson kowar,2025,0.30482233700239364,0.21174159609091825,0.20692278633048788
jackson rutledge,2025,0.27948113285482346,0.3141897504949474,0.2799036534723305
jacob barnes,2025,0.16180104288927188,0.16572353582646154,0.08708347218134525
jacob degrom,2025,0.4740471073491311,0.4474974049559298,0.5504935912709101
jacob latz,2025,0.2707796490538449,0.3263564576166929,0.33604555146480525
jacob lopez,2025,0.23192682664924147,0.2683963197909524,0.2040043525569633
jacob misiorowski,2025,0.3310786138534456,0.5113867333254134,0.5092617072553475
jacob webb,2025,0.2940260754816658,0.30889960391625754,0.3116688818768284
jaden hill,2025,0.2469497832963719,0.29984577186367684,0.2518803478220607
jake bird,2025,0.2757891976323438,0.2339311922832759,0.21849672822470162
jake eder,2025,0.22879872242259994,0.15358883269294038,0.11853112844787822
jake irvin,2025,0.24669773488499402,0.40235996646187067,0.3169928558499393
jake palisch,2025,0.23508466124920227,0.12414775746336722,0.09551962539676197
jake woodford,2025,0.284346001460422,0.19103691134012074,0.1750645161511984
jakob junis,2025,0.1791600776152004,0.27355025649350356,0.17339395880086916
jalen beeks,2025,0.19771053124199217,0.344153404175069,0.32290630078426175
jameson taillon,2025,0.23638874539517965,0.3368836198305223,0.24318569664006667
janson junk,2025,0.22717656274502962,0.42217780222511536,0.3204759822353025
jared koenig,2025,0.2367885999236117,0.42101463284854196,0.38430053682310283
jared shuster,2025,0.22344074494738456,0.1626460611025789,0.140969469760472
jason adam,2025,0.1767621835681041,0.3986044427887017,0.2816842481855714
jason alexander,2025,0.2295085257087343,0.25071853285279966,0.18505166386631547
javier assad,2025,0.2012880264546286,0.26487297939177357,0.1629926460557294
jayden murray,2025,0.23215232046575143,0.20293706803778672,0.15849841629835001
jayvien sandridge,2025,0.24955190105349245,0.20570836552097635,0.1642812823324108
jeff brigham,2025,0.18114356387437064,0.15152142988576484,0.08764691220578913
jeff hoffman,2025,0.3057932494508847,0.43944902623204385,0.43795791252787725
jeffrey springs,2025,0.2711713766374964,0.26643554627196797,0.23171795096637757
jeremiah estrada,2025,0.24451717185941335,0.42021663306934987,0.4317643193276438
jesse chavez,2025,0.1719197120690404,0.07613818774905294,0.044347177971475735
jesse hahn,2025,0.3450573452600458,0.11338715133127025,0.11050696485974924
jesse scholtens,2025,0.24801478505402802,0.14213208263285967,0.10684915344476557
jesus tinoco,2025,0.1528285468986997,0.17583552527625834,0.07798268727822476
jesús luzardo,2025,0.19710142747381157,0.38827667568678614,0.3255856075356306
jhoan duran,2025,0.15205883435628914,0.4720330146538832,0.2944953087935282
jhonathan díaz,2025,0.16601022106834656,0.07339682467541145,0.0437828077099674
jimmy herget,2025,0.3356269710069672,0.2625245096872874,0.30990782625105406
joe boyle,2025,0.27374604844556333,0.3672796712707278,0.2943534588207277
joe la sorsa,2025,0.2330339926709615,0.12801380815421087,0.10341370333957516
joe mantiply,2025,0.22010604386673158,0.09906843581633297,0.07322260178666148
joe rock,2025,0.26789876620035563,0.1550669211367293,0.13097362486024178
joe ross,2025,0.28968523232305254,0.28041216510463135,0.2551513847966895
joe ryan,2025,0.27245632642173495,0.41403823191268163,0.3847484863450462
joel payamps,2025,0.12410077227350196,0.29464413548561824,0.1069508059114912
joel peguero,2025,0.12721484541153374,0.3173857531208924,0.1376222153335558
joey cantillo,2025,0.23755989649578885,0.27120316757089136,0.2412819687529185
joey estes,2025,0.2782304936627933,0.2472509804806965,0.22006344224158061
joey gerber,2025,0.24318064707770984,0.1899773947238357,0.1286893397315368
joey lucchesi,2025,0.24037649316268406,0.17441726179248848,0.148899104793681
joey wentz,2025,0.2316516106083212,0.2994580105573045,0.2485755254755576
johan oviedo,2025,0.2855318574719496,0.4617368638823853,0.36663965974540746
john brebbia,2025,0.21004028402387603,0.21424457246270415,0.15359358676395768
john curtiss,2025,0.31684791776021287,0.19362378378776504,0.17924821255639814
john king,2025,0.23141525461361692,0.26858644109403224,0.25117361845309066
john rooney,2025,0.2347250483914213,0.1332372917467499,0.09478090941685935
john schreiber,2025,0.19421933331893623,0.3289900965861984,0.23944574090044196
jojo romero,2025,0.2725438829167958,0.3403648496384653,0.36404321835412945
jon gray,2025,0.34085249157316005,0.17281710779644333,0.17999254287909394
jonah tong,2025,0.5114349480826782,0.35015030979041045,0.5591900749889964
jonathan bowlan,2025,0.23408161122019086,0.2969410722721691,0.21609001756101096
jonathan cannon,2025,0.28107323071095314,0.3732005731036052,0.3323138042983429
jonathan loáisiga,2025,0.12226512673376112,0.3126380922796557,0.18210876847710555
jonathan pintaro,2025,0.21135813080226454,0.16103042434877282,0.10624830628516059
jordan hicks,2025,0.44740800829224375,0.31462347010517294,0.45653050932834843
jordan leasure,2025,0.2909226645418929,0.46069163121507417,0.4413644447973431
jordan romano,2025,0.5438282173506723,0.37523466964431773,0.6097701538622198
jordan weems,2025,0.2488228479986027,0.1982507844144715,0.1564271070748493
jordan wicks,2025,0.28397672933393986,0.1757879182725393,0.17474723547483081
jorge alcala,2025,0.2579152918518073,0.43999815414391263,0.3357746097921251
jorge lópez,2025,0.05990502086477836,0.24164453893588905,0.038985848668220593
jose a. ferrer,2025,0.1285718562285882,0.3656277370935537,0.19768657429931438
jose corniell,2025,0.20823706688526397,0.15798858800376225,0.09284112208340087
jose espada,2025,0.0702288295072678,0.11269800376614247,0.020239561901548873
jose quintana,2025,0.1520888418221081,0.3181390752305505,0.20310953573502039
josh hader,2025,0.2098571988227686,0.34465352192374715,0.3013247612585842
josh simpson,2025,0.27682248997092884,0.2758897532080925,0.2860373306186084
josh walker,2025,0.21147198223980943,0.12349215538701572,0.08265494856038509
josh winckowski,2025,0.25032050807348105,0.1721981826350579,0.14348464590977222
josé alvarado,2025,0.1356570602698146,0.29977328430033756,0.15558375130842284
josé berríos,2025,0.05376863753116218,0.3620656791006307,0.06439018949121701
josé buttó,2025,0.18093411648615584,0.40169853506765046,0.27791033345805954
josé castillo,2025,0.16445290627830894,0.3227977829494283,0.16820014587202692
josé de león,2025,0.04631898336918367,0.18279038826500316,0.017619616095710087
josé fermin,2025,0.15282731395858845,0.4149353525434463,0.18499124862007932
josé leclerc,2025,0.11138285593029987,0.22122032070484207,0.07754425667827712
josé quijada,2025,0.1310730865190248,0.14359085615112221,0.07243468458486722
josé ruiz,2025,0.13348333199876497,0.24413459540494956,0.103752181167784
josé soriano,2025,0.1443170111462394,0.4750235482350271,0.2445326803600598
josé suarez,2025,0.17269785710399535,0.1742869021918784,0.10086985642304643
josé ureña,2025,0.21221189997487125,0.23041219461937848,0.14588194557879425
josé urquidy,2025,0.26110053278499645,0.14050522219792505,0.0992856378325727
jovani morán,2025,0.08809603496764716,0.09656710039639138,0.022003314344991556
jp sears,2025,0.20035958570741313,0.30137894706724894,0.26869996770476345
jt brubaker,2025,0.4562942139207245,0.1751615752562524,0.2827722562495861
juan burgos,2025,0.14888656408812997,0.21634170236475134,0.09510741889863597
juan mejia,2025,0.16667006855132072,0.4373388066872992,0.24426982757989607
juan morillo,2025,0.22060510638275144,0.3796774977997496,0.3276906263082169
julian fernández,2025,0.21854310902012647,0.17780060422370592,0.10545221540891188
julian merryweather,2025,0.2898497200249104,0.27793290322378295,0.24384074766210884
justin bruihl,2025,0.2099489460302224,0.22333575687987278,0.15557558590771345
justin garza,2025,0.19688027213313516,0.14287337847886564,0.10530247371123579
justin hagenman,2025,0.23032726925581415,0.1853212520184206,0.13833220768385027
justin lawrence,2025,0.17180056964678364,0.210410458880448,0.1323518702549789
justin martinez,2025,0.18423085657753988,0.25332303757603547,0.1657830888861637
justin slaten,2025,0.2893169953037172,0.2949274610505009,0.267089976703915
justin steele,2025,0.3010694733580093,0.29572885066871807,0.2847701600938245
justin sterner,2025,0.20737553567131414,0.26931591166370134,0.18748862239452646
justin topa,2025,0.3008648068716615,0.29717640165490505,0.29985085893846974
justin verlander,2025,0.2582334073240927,0.42526897144264314,0.3234087696717422
justin wilson,2025,0.33393892673001796,0.3559052644330556,0.4068956891401532
justin wrobleski,2025,0.240963448514767,0.2617579048787986,0.24577380246687924
kade strowd,2025,0.2338878812160283,0.27527258121770704,0.20830383980956987
kai-wei teng,2025,0.1544630403129432,0.36705953976305583,0.18848259380514595
kaleb ort,2025,0.22522666174240102,0.2781085749812505,0.20226966931084436
keaton winn,2025,0.29141596699962635,0.16922412698184405,0.16318210466350438
keegan akin,2025,0.16500451309433634,0.33823371454464957,0.2402288031254824
keider montero,2025,0.23254119159763317,0.33233819185434027,0.2756187276797221
kendall graveman,2025,0.3165604491015041,0.19111860904021555,0.1954134653194693
kenley jansen,2025,0.11917392300535781,0.23969598586561955,0.10101296527456718
kenta maeda,2025,0.18385367005472208,0.1366171618514235,0.04781306642292916
kevin gausman,2025,0.22667037803513868,0.4410246729484395,0.3859609350287131
kevin ginkel,2025,0.251319993320713,0.2957272239358601,0.23204175205085703
kevin herget,2025,0.16585278371238857,0.13078737390072434,0.08479179625288218
kevin kelly,2025,0.2372390435874332,0.19716407323259,0.16402155046056857
kirby yates,2025,0.20575536326934982,0.2316835756975409,0.20217249622154754
kodai senga,2025,0.17046084434443692,0.35032629587370273,0.12148969657366336
kody funderburk,2025,0.2090344274650539,0.27006591466595,0.20691704087541107
kolby allard,2025,0.26379558570475137,0.14204987654394852,0.14385551817729128
konnor pilkington,2025,0.20307287429065146,0.25014426255865696,0.1876895552142636
kris bubic,2025,0.3166870272144808,0.35121704834617645,0.3327381585525883
kumar rocker,2025,0.24898565721784222,0.4053065214070097,0.3096002312895867
kyle backhus,2025,0.2546511821112404,0.18598295762021766,0.1800670367086809
kyle bradish,2025,0.3320581074833567,0.34515621778954714,0.3225262693574637
kyle finnegan,2025,0.18647826886293473,0.3060686801927492,0.24686998949975733
kyle freeland,2025,0.36116646198948765,0.40811905873154375,0.4486337739740302
kyle gibson,2025,0.18355797478734334,0.18586822969541184,0.11099868814018926
kyle harrison,2025,0.3025916503203553,0.24684445855639206,0.2691716487149715
kyle hart,2025,0.20177003159416848,0.2562750023698906,0.18760063341283975
kyle hendricks,2025,0.278618881113894,0.24212737068964765,0.2107896358389618
kyle leahy,2025,0.24355607050611316,0.3793274918514892,0.3206135243998866
kyle nelson,2025,0.3258670837883258,0.1464744224913712,0.15368582875396702
kyle nicolas,2025,0.24380591352731415,0.3525779432278485,0.2921751631944566
lake bachar,2025,0.20501979481107502,0.3988598737153116,0.29461217886183577
lance mccullers jr.,2025,0.19302778425097913,0.31521910852416174,0.20454777827782622
landen roupp,2025,0.23266660800363717,0.2922744441871036,0.21798375335338233
landon knack,2025,0.22081425071764818,0.3088834759154983,0.2140371750920337
lazaro estrada,2025,0.2338091996129168,0.1904873762800398,0.13473018486190577
liam hendriks,2025,0.1811538224912958,0.19586011080117655,0.11237590229404858
logan allen,2025,0.2677718014546014,0.2839520766014356,0.2856185381239196
logan evans,2025,0.27890574476996755,0.362868295758901,0.30272714438937803
logan gilbert,2025,0.25871634858893555,0.4233584725003118,0.3921873182246792
logan gillaspie,2025,0.22403287081821752,0.19210753921143758,0.13999743788657476
logan henderson,2025,0.25471202561033235,0.2676021162831771,0.2217515262613161
logan vanwey,2025,0.2484134671749472,0.1688945576746849,0.13655693824629664
logan webb,2025,0.2498313034283969,0.4140658768064855,0.37158937137436027
lou trivino,2025,0.28750088626042763,0.3158678636749595,0.2877987734576698
louis varland,2025,0.22208303242170482,0.44569807844215725,0.41162452725193366
luarbert arias,2025,0.18823551476901437,0.22248595936040327,0.15727335939508258
lucas erceg,2025,0.25641293633140894,0.3464737851969394,0.3358161946895374
lucas gilbreath,2025,0.31752162591065614,0.0817443897474974,0.09069076067827918
lucas giolito,2025,0.319438412680087,0.35215735608363014,0.34481072107714705
lucas sims,2025,0.301940697112771,0.20058157435019128,0.181443690922202
luinder avila,2025,0.22406080959709143,0.24616507669769805,0.16033887561249247
luis castillo,2025,0.14471450767006014,0.38203622397723824,0.1900318826466236
luis contreras,2025,0.18171528414536142,0.16450834025389788,0.09060000557013971
luis curvelo,2025,0.21591452673232564,0.2442030873763105,0.17774232050097988
luis f. castillo,2025,0.13034546873320427,0.13968193548218008,0.04593792169342849
luis garcia,2025,0.22440705035889555,0.15329503061826497,0.07787799740471955
luis garcía,2025,0.07999088577494651,0.3715202726450685,0.12001401273790124
luis gil,2025,0.19359365381932703,0.3712919712811729,0.2380238645999335
luis guerrero,2025,0.1403592768258657,0.27221535076180164,0.11557024466245568
luis mey,2025,0.16956344077280885,0.3242182207796741,0.15581691845404774
luis morales,2025,0.2934334762420804,0.4247932656589624,0.3593828970819872
luis ortiz,2025,0.1375452260104426,0.36264156925766533,0.1608588272952787
luis peralta,2025,0.15242843282091031,0.22695361597520772,0.12145182117547589
luis severino,2025,0.18637172457270232,0.469503875821696,0.28743169676028624
luke jackson,2025,0.2234247759505794,0.3705770692608257,0.2959212413851171
luke little,2025,0.34475660398303504,0.08946881459658858,0.104090270641023
luke weaver,2025,0.44511186393591873,0.27275175433056104,0.4173998184460936
lyon richardson,2025,0.2562534507998604,0.21172329228506642,0.20443453689526725
mackenzie gore,2025,0.29453916708266353,0.486421202644589,0.5208025604595278
manuel rodríguez,2025,0.13968173410964554,0.3021779035661201,0.15134355901548793
marc church,2025,0.28833667583465794,0.2498154110903215,0.23361674155669274
marcus stroman,2025,0.23120383494815575,0.2369043176806495,0.18917322655334576
mark leiter jr.,2025,0.25487297712685053,0.2340945132780554,0.22804846031694734
martín pérez,2025,0.14873607404310965,0.15662689194713642,0.0814631125452054
mason barnett,2025,0.2302274224227275,0.3327276817424684,0.2429951580245613
mason black,2025,0.2418073889976393,0.16388817495206623,0.11585185686905793
mason englert,2025,0.26646863593631553,0.21670903038644604,0.19468824762934467
mason fluharty,2025,0.2443045320930731,0.3033005901606941,0.2549887465334289
mason miller,2025,0.32597792028339095,0.5299037842464966,0.5730681064152622
mason montgomery,2025,0.24213588342787282,0.42804800527872333,0.4154234916102131
mason thompson,2025,0.30600846318301006,0.26395584475988276,0.23649278606474344
matt bowman,2025,0.2233238184007846,0.1411263685936503,0.10837312659919865
matt brash,2025,0.5248324958366953,0.25776100438321103,0.5200472277133462
matt festa,2025,0.24242544427186447,0.2067256927623246,0.17468239844909642
matt gage,2025,0.16059671348285448,0.28233777452911296,0.16133977363318155
matt krook,2025,0.19605794214561117,0.09696037984558019,0.0612702439785159
matt sauer,2025,0.24958403605031762,0.20036161255389667,0.14713978339986555
matt strahm,2025,0.17855073901383248,0.3040681379045205,0.22417060298789987
matt svanson,2025,0.25546912089520707,0.35197159578524484,0.2962554543664222
matt waldron,2025,0.2351136007260111,0.1547644711008881,0.12381331198801213
matthew boyd,2025,0.31347916434066025,0.30589555705858473,0.30564673495334366
matthew liberatore,2025,0.2440103781774794,0.40777135397650666,0.347629506508259
max fried,2025,0.32217288068631217,0.45878890705256026,0.509962775530109
max kranick,2025,0.2809185867199025,0.2645495564720083,0.2330687080389708
max lazar,2025,0.24297462748545617,0.2636453448591903,0.2201618041579306
max meyer,2025,0.3484804784207985,0.2649676018190831,0.2947371210275103
max scherzer,2025,0.22070585324089995,0.31295709878998584,0.2115195126287462
mccade brown,2025,0.28107323071095314,0.34504216119678494,0.27053905119436633
merrill kelly,2025,0.2514024905351351,0.2915623514195048,0.23546921911792462
michael darrell-hicks,2025,0.24673673127641382,0.1826111530475456,0.12726665633679896
michael fulmer,2025,0.3528337560208398,0.15209848074891155,0.15286265145153155
michael kelly,2025,0.21669061067575038,0.35082249759555384,0.2788330965608347
michael king,2025,0.2686111908198344,0.3178657220553858,0.29361241554062584
michael kopech,2025,0.4568076842977167,0.29334111208913705,0.40978420448914893
michael lorenzen,2025,0.3474550804850737,0.3398884826209009,0.35432882458276616
michael mcgreevy,2025,0.26570149262677817,0.28663238040834293,0.2254048978691692
michael mercado,2025,0.26646863593631553,0.14849750704875841,0.12379873999612638
michael petersen,2025,0.16795841257294225,0.22530524964811996,0.15113871248641572
michael soroka,2025,0.6239085028256888,0.35810876680501813,0.5955226415118918
michael tonkin,2025,0.19537467233141592,0.20274796304540474,0.12095356364545132
michael wacha,2025,0.3702941471936076,0.47720794231538793,0.49710447634709637
michel otañez,2025,0.14509903559587872,0.15716268937617717,0.06088713962053822
mick abel,2025,0.30641091401694454,0.40657274391812365,0.3742836504291446
miguel castro,2025,0.23475320521769194,0.14880703532340464,0.08201404526615803
mike burrows,2025,0.24297462748545617,0.41736625086616086,0.35119747581135236
mike clevinger,2025,0.33777780971255666,0.19522558484114286,0.1897797443990909
mike vasil,2025,0.27164874934603556,0.3512209659233771,0.3220604161711165
miles mikolas,2025,0.25048024548983205,0.393123026989574,0.32943211209390777
mitch farris,2025,0.25830788271162763,0.23944990477757447,0.20908127655842018
mitch keller,2025,0.22586157816516197,0.45819651801886613,0.37921449244535965
mitch spence,2025,0.24451717185941335,0.2733645564929155,0.2544470425477235
mitchell parker,2025,0.2287282161889959,0.38951080103165553,0.3295631285132345
nabil crismatt,2025,0.12246265269521832,0.13812573259955657,0.0594431931817141
nate pearson,2025,0.27612734254589705,0.24684683326606405,0.19666512964536273
nathan eovaldi,2025,0.31495212349862134,0.39854632553132907,0.42132932981229415
nathan wiles,2025,0.24181084717902016,0.131964160806555,0.10247019031224829
nestor cortes,2025,0.2918689802842467,0.21676615976686406,0.19504068794619353
nic enright,2025,0.23912882557754553,0.258920081755229,0.19338546556619737
nick anderson,2025,0.4095026473548593,0.21393222019296138,0.2653784639797715
nick burdi,2025,0.352006810764845,0.08855648124060753,0.09121861868209266
nick hernandez,2025,0.19351204961091314,0.14467083575659553,0.08641733835712413
nick lodolo,2025,0.2516343976599497,0.33197050653088095,0.2930142481312728
nick martinez,2025,0.17115511480551818,0.355104013331429,0.2353041118178491
nick mears,2025,0.3304527365181877,0.32942098676665166,0.3533428667950249
nick pivetta,2025,0.47598354585934166,0.4705310915475444,0.619971012277874
nick raquet,2025,0.17899651639719155,0.14577978132343708,0.09202582711347573
nick sandlin,2025,0.2768761574913116,0.1541745326483972,0.15969317105195022
noah cameron,2025,0.23205848715095506,0.4155694817390842,0.3476412675839639
noah davis,2025,0.2898788178470003,0.11133743699514285,0.1042149506696529
noah murdock,2025,0.29288960882758025,0.18443418402413037,0.16141735710698363
nolan hoffman,2025,0.2577515260196106,0.1403356699562103,0.11571001922401072
nolan mclean,2025,0.26065150696847617,0.3866669052259423,0.3108176562396503
omar cruz,2025,0.1514575503890246,0.1548134440735559,0.07330919509661214
orion kerkering,2025,0.26788798139476655,0.45139345493027083,0.4485664405398727
orlando ribalta,2025,0.26105069115674917,0.21008184720314632,0.14645633881154224
osvaldo bido,2025,0.18363130790420895,0.23798583795381195,0.12979058391901716
owen white,2025,0.26089166856800333,0.13534801886742942,0.10337633588297818
pablo lópez,2025,0.3248821962372045,0.3267971044109473,0.30815320955238246
parker messick,2025,0.21124032603858525,0.2956206904465072,0.2219663751275703
patrick corbin,2025,0.16028221554783068,0.32945271625396194,0.20971757388893214
patrick monteverde,2025,0.21935955563347087,0.10799630521604905,0.07741367877424879
paul blackburn,2025,0.2417237062645218,0.1329558856273822,0.11033211098413441
paul gervase,2025,0.31586063065620623,0.1900417278715877,0.15846061381619428
paul sewald,2025,0.17491187756689514,0.11792336252261651,0.06138130744798777
paul skenes,2025,0.27720022086984036,0.458040282412268,0.4120146142680348
paxton schultz,2025,0.24815827639510096,0.1915088532520247,0.15353211585390533
payton tolle,2025,0.26740921904923143,0.23937901312724938,0.20467701490475199
penn murfee,2025,0.3082535021274238,0.0993840786328068,0.08960115656295564
pete fairbanks,2025,0.3160778577528378,0.453215832276518,0.4419816027848717
phil maton,2025,0.2971259360556407,0.2786360811603197,0.2635953699302377
philip abner,2025,0.23377988775544536,0.1313680696033869,0.09420385196409992
pierce johnson,2025,0.3379966069236662,0.3997143926839065,0.4284775131189455
pierson ohl,2025,0.2573198971720283,0.1726417828331216,0.159068883001091
pj poulin,2025,0.2063220243879369,0.17388211933212128,0.14301274055796273
porter hodge,2025,0.2683859867966376,0.3099083295342115,0.27191295610177585
quinn priester,2025,0.26336119538662967,0.3621290213220332,0.2999524272222389
rafael montero,2025,0.197796109789599,0.31020879689671027,0.2085432736098059
raisel iglesias,2025,0.23061973051251725,0.31471520218776594,0.27466028380399776
randy dobnak,2025,0.19043416319349174,0.08350536669197943,0.05182593822937563
randy rodríguez,2025,0.14397280596343548,0.42183172522023604,0.22169035975855228
randy vásquez,2025,0.15268063564070755,0.4251972182788095,0.2277253492394737
randy wynne,2025,0.20522359826024508,0.09852330459261138,0.06573683953597463
ranger suárez,2025,0.14217690135957867,0.325556415036357,0.17941106183823116
reed garrett,2025,0.25124506844803784,0.31388732765578753,0.3026587872578527
reese olson,2025,0.32925705475317935,0.3092417684806662,0.35926202239299826
reid detmers,2025,0.22994570172082032,0.3605229335633507,0.3470773777908869
reiver sanmartin,2025,0.19639406140725033,0.10515486137073103,0.0936526446262669
reynaldo lópez,2025,0.17503720550627275,0.30929074100682596,0.15296258856883366
rich hill,2025,0.18418533842292628,0.12186748206538678,0.0642694101419107
richard fitts,2025,0.2404812527620571,0.34240343700862963,0.2500752025932428
richard lovelady,2025,0.35674987636509603,0.13484899203224643,0.1671594102323997
rico garcia,2025,0.2116873168959869,0.2878776082635573,0.23165504032354836
riley o'brien,2025,0.29974717190839006,0.3195523102236379,0.341976294594804
roansy contreras,2025,0.14521431671273133,0.18498357575072516,0.07652922069937029
rob zastryzny,2025,0.4920257217091026,0.2145150943252032,0.37572389907473674
robbie ray,2025,0.3148626289511941,0.4355892818682747,0.4314655555940129
robert garcia,2025,0.20555537152118983,0.38409753111917894,0.3273198287358617
robert gasser,2025,0.2759146045014006,0.21042396767342744,0.20032870874600278
robert stephenson,2025,0.36870868257998163,0.24678700065150322,0.2635911618959029
robert stock,2025,0.13517598622880725,0.0964280418863351,0.039455582624408445
robert suarez,2025,0.17325117045219063,0.40168574047862404,0.3028158113059824
robinson piña,2025,0.15428832465276873,0.16368686883989636,0.05985660621170633
roddery muñoz,2025,0.15527987892283257,0.24396975561910506,0.11150375846990587
roki sasaki,2025,0.20452426218121647,0.3786003105300754,0.1810338782801072
rolddy muñoz,2025,0.1689227944766929,0.1987056356249765,0.09760695916390077
ron marinaccio,2025,0.26285186291939033,0.13207634682841485,0.11121502144040468
ronel blanco,2025,0.10083728317619976,0.35769025783816466,0.10642909402161978
ronny henriquez,2025,0.19866295106491727,0.49105640949114776,0.3789930030173863
ryan bergert,2025,0.2449584121570117,0.42248187760211925,0.33922181751287
ryan borucki,2025,0.4327669225030539,0.27323013979574023,0.38371116300689984
ryan brasier,2025,0.13427012956441164,0.19658866789480473,0.09221026947743478
ryan burr,2025,0.31718256810714235,0.1619243920137377,0.14268485464489897
ryan feltner,2025,0.3628806413943546,0.31889415246978536,0.3562847878702585
ryan fernandez,2025,0.2254363410805933,0.3117799606923304,0.2633431752911404
ryan gusto,2025,0.24826456966124438,0.42986853285424126,0.3437719916997923
ryan helsley,2025,0.3434280396798999,0.5797530468337793,0.6116008323345554
ryan johnson,2025,0.3083939943012895,0.20292651653578708,0.18722917241507436
ryan loutos,2025,0.25221358274247957,0.15886780382503152,0.127503035456467
ryan pepiot,2025,0.2358480519858385,0.462291113391041,0.39019226158791737
ryan pressly,2025,0.16062784247323336,0.2725559222551538,0.15803320655793507
ryan rolison,2025,0.2600160140861887,0.2861992491927178,0.25708707015800875
ryan thompson,2025,0.3136905811912579,0.21756308798067656,0.21924043421881537
ryan walker,2025,0.20929894888635336,0.3287083710399838,0.27515520009031275
ryan weathers,2025,0.20848245836894352,0.2986785433091335,0.24507708378180862
ryan yarbrough,2025,0.18605723403249616,0.07289190476123121,0.0507363987646967
ryan zeferjahn,2025,0.2632244926781389,0.39799397120630386,0.3700549552973038
ryne nelson,2025,0.38023308725591565,0.4841568113831826,0.5554055715023405
ryne stanek,2025,0.18561817947194495,0.467232798597405,0.3535098815909762
sam aldegheri,2025,0.15829568061060822,0.1618896483405457,0.09946813227985868
sam bachman,2025,0.3259638193485536,0.28728141554820363,0.29208627488756395
sam long,2025,0.20456636088829955,0.2721363330216336,0.23459447611778692
sam moll,2025,0.23564417107622698,0.1745764056672828,0.15637785038713367
sammy peralta,2025,0.21819253809522737,0.0943721708533918,0.07006024858330301
sandy alcantara,2025,0.2795469278217739,0.46509981816758444,0.38653642107248254
sauryn lao,2025,0.16266090326152174,0.19352724785200656,0.08803626759526319
sawyer gipson-long,2025,0.2348376739636962,0.17595613180133143,0.12487705345388125
scott alexander,2025,0.3042583081405509,0.12433562490558016,0.1362323029121413
scott barlow,2025,0.19456884054892493,0.3943776356677667,0.2991885817977961
scott blewett,2025,0.2310918560371525,0.2130016128892979,0.1484335313638791
scott effross,2025,0.300244578819806,0.059740469216498907,0.056705346129010244
scott mcgough,2025,0.1958118325787372,0.1790564953628368,0.1254944761888825
sean burke,2025,0.26145919514022836,0.44747371610385617,0.3437056536649126
sean guenther,2025,0.22833221072029938,0.09280836466708861,0.08231062695433418
sean hjelle,2025,0.3420574389763545,0.15286815906264847,0.14073044512673574
sean manaea,2025,0.2716720772075647,0.2775165989698125,0.24892340028920884
sean newcomb,2025,0.18014915330466147,0.280827369666979,0.1741867738763504
sean reynolds,2025,0.2641126249545009,0.2368698098125639,0.17765475781041745
seranthony domínguez,2025,0.1096669792159597,0.3636902002255781,0.1510399988911833
seth halvorsen,2025,0.24369446968774408,0.3664209701228059,0.3418219392089859
seth johnson,2025,0.23066396395713354,0.20616456147091175,0.1617471911757025
seth lugo,2025,0.2631991980992004,0.36821982614399823,0.30434924369784916
seth martinez,2025,0.2129155374903735,0.14903032025126012,0.1012905731537937
shane baz,2025,0.3781208997580796,0.46672309543803975,0.5110978245797642
shane bieber,2025,0.39612481254453763,0.2805975926685568,0.2950916120571374
shane smith,2025,0.24282105256294095,0.5021879781573478,0.43109192853061806
shaun anderson,2025,0.2238777548547279,0.15703245585456624,0.09989170415983313
shawn armstrong,2025,0.2537429754483963,0.3513040204244576,0.30073645862526066
shawn dubin,2025,0.27531428479134007,0.15986824106423697,0.16764717565186277
shelby miller,2025,0.26325065318766117,0.27464078353836957,0.24591072995734573
shinnosuke ogasawara,2025,0.13560417735570549,0.21114016904963503,0.06342724213132792
shohei ohtani,2025,0.1494717137893687,0.3884780465611477,0.13525991516456606
shota imanaga,2025,0.12187551744805221,0.3690541872778688,0.13012026641552557
simeon woods richardson,2025,0.26336119538662967,0.32095921217397827,0.2795053253887185
slade cecconi,2025,0.25692438437248355,0.430785326134686,0.3572126798342391
sonny gray,2025,0.18812975842849497,0.3814008207928826,0.269560654137665
spencer arrighetti,2025,0.2714317992589682,0.2498615141013555,0.23595650092814227
spencer bivens,2025,0.22221797094987178,0.29606069390375034,0.23606543884126863
spencer schwellenbach,2025,0.25210117996769643,0.406603389748859,0.38001711053042364
spencer strider,2025,0.2803553241276514,0.39115234445120234,0.34545501421983055
spencer turnbull,2025,0.2938446205002907,0.1331056507670602,0.11833198690463821
stephen kolek,2025,0.28829584084943183,0.2658229145093548,0.23219939102427664
steven cruz,2025,0.17381347449413542,0.2822377594941552,0.14304982081401876
steven matz,2025,0.3788545277989097,0.2675870926299214,0.3578502270860865
steven okert,2025,0.2143404091507904,0.3831770439998795,0.32695035009408496
steven wilson,2025,0.21239356653035432,0.3426045665613096,0.24735715240654174
t.j. mcfarland,2025,0.2071194535521321,0.12918276567123463,0.09939954590813277
taijuan walker,2025,0.40760417506386154,0.4154078641287893,0.44638720773715385
taj bradley,2025,0.25637086026783173,0.4145615315687358,0.3718704907519294
tanner banks,2025,0.16376192937530318,0.41977462074063676,0.31666350859488296
tanner bibee,2025,0.2484134671749472,0.35106333446380217,0.3097069168608599
tanner gordon,2025,0.2499452043758829,0.2773968179795707,0.21202932400671043
tanner houck,2025,0.2340250235359869,0.3325576891243937,0.2725885257897032
tanner rainey,2025,0.26823321253983273,0.21657109857250362,0.16591688894693832
tanner scott,2025,0.16100118671081,0.46932448213765493,0.3440009234227296
tarik skubal,2025,0.24153227609580089,0.4546312496633019,0.43515877938302244
tayler saucedo,2025,0.1994804097145783,0.12616234215263084,0.09006992191966065
tayler scott,2025,0.13688913032841973,0.15705879714125373,0.09067445799843503
taylor clarke,2025,0.3142196179098556,0.20604657536522245,0.22008216269334663
taylor rashi,2025,0.22924974522247554,0.1455442281038439,0.09793164991703968
taylor rogers,2025,0.17813367025741414,0.31845650876491155,0.2371186566728939
thomas harrington,2025,0.28198314883864856,0.16018344831278883,0.14451794715848182
thomas hatch,2025,0.2515382226687844,0.1332862617164491,0.11210967397021854
tim herrin,2025,0.22533879772710452,0.34143450120006985,0.2877535194005582
tim hill,2025,0.21716023851536978,0.18122921177222673,0.14675315815680837
tim mayza,2025,0.33050243831833953,0.21238653960509132,0.22345649148777755
tobias myers,2025,0.21867392961844037,0.24164310575677264,0.19656295835665455
tom cosgrove,2025,0.26712062304928985,0.09631975446963119,0.08480667919862636
tommy henry,2025,0.2751848353441447,0.07874448236046802,0.07442169529626715
tommy kahnle,2025,0.40571981244309857,0.2773761628161282,0.40590611217327055
tommy nance,2025,0.24199656278683632,0.2468206551472452,0.17420678878174115
tomoyuki sugano,2025,0.11557890783097625,0.4422165542080552,0.1329007843952175
tony gonsolin,2025,0.4459978948553013,0.35559306762873827,0.44706404184495885
tony santillan,2025,0.19041159326312934,0.41956514137437273,0.2922084360483087
touki toussaint,2025,0.27472207613609884,0.06857020140068919,0.06008034391278049
travis adams,2025,0.25427073597727645,0.2274922901097168,0.1999131307776675
trent thornton,2025,0.2898422528136749,0.2908660108851038,0.28346406011779807
trevor mcdonald,2025,0.2700835975835323,0.17057007147802636,0.14140770779292341
trevor megill,2025,0.3267938501439001,0.456470360930652,0.4304281543456807
trevor richards,2025,0.19764048389820454,0.1338203411484519,0.08914161967013087
trevor rogers,2025,0.2856120110274874,0.31206916052084827,0.30812507406603884
trevor williams,2025,0.22709627032197946,0.24082543622384328,0.15499094788335585
trey yesavage,2025,0.29169250719176976,0.3171525014750911,0.2704109462543211
tristan beck,2025,0.29304097413098823,0.2503842859472367,0.2306835101365298
triston mckenzie,2025,0.40535203657934726,0.14347188638207142,0.1866721995696967
troy melton,2025,0.2726428577152113,0.27142407134722113,0.24267546673849313
troy taylor,2025,0.2484468762171266,0.20664086207585503,0.16929755631908525
ty adcock,2025,0.20843633189297775,0.2079553723755071,0.14953621624771535
tyler alexander,2025,0.22339147709345394,0.2841358146244716,0.24611353468773786
tyler anderson,2025,0.1498390597884762,0.285893427388282,0.18206681991523607
tyler ferguson,2025,0.20145847133318143,0.3535902069005853,0.25775048737703715
tyler gilbert,2025,0.27586839408112107,0.1260640639025032,0.12054435673578862
tyler glasnow,2025,0.4074816234003544,0.41076755972233,0.43963621567245714
tyler holton,2025,0.21108377660061203,0.2955029418512215,0.2591879683931983
tyler kinley,2025,0.3448275828142942,0.48592623623555836,0.5043820114603245
tyler mahle,2025,0.37592631577473057,0.28551931405107145,0.30355498682241616
tyler matzek,2025,0.28277470979435293,0.1970415167523787,0.15525823313812498
tyler owens,2025,0.24503251526019804,0.19003162522037545,0.1639392072467839
tyler phillips,2025,0.24355607050611316,0.23691829955767765,0.20279612236894073
tyler rogers,2025,0.19625090341628762,0.11430577519755274,0.08301875616984174
tyler wells,2025,0.3924924809007412,0.2163535894929851,0.1985077244515034
tyler zuber,2025,0.24252606771578433,0.16110514397678136,0.13397084810205914
tylor megill,2025,0.35199239565021107,0.29726057032685405,0.2857172038850384
valente bellozo,2025,0.15634493210582676,0.21827163597864435,0.11183069149306488
victor mederos,2025,0.25792216154076714,0.16642187867522115,0.11661353806097581
victor vodnik,2025,0.23410784709223903,0.3496469905964519,0.35329070311202254
wade miley,2025,0.300426411223644,0.19348008212957038,0.1758573600657927
walker buehler,2025,0.38652277522894374,0.3454394264636364,0.3966176958904534
wander suero,2025,0.11299299869360911,0.0959876923086714,0.027092878830727092
wandy peralta,2025,0.10798172615429656,0.3493735131114267,0.16093830310082538
wikelman gonzález,2025,0.19250331155129544,0.23504751789307665,0.13887332174019268
will klein,2025,0.25875214044677586,0.2767489981707118,0.22197338577542022
will vest,2025,0.21372176369052556,0.3757518846443429,0.33805980180232365
will warren,2025,0.2519043203251331,0.4114833944521431,0.3324740162007124
xzavion curry,2025,0.22888752221765613,0.12463025098949956,0.09021858583526648
yaramil hiraldo,2025,0.13319124669984306,0.24902938146634856,0.10656244693265002
yariel rodríguez,2025,0.244144502319302,0.38164177674049177,0.3694840753377877
yennier cano,2025,0.20049386848931194,0.31482922632114035,0.21245366756082998
yerry de los santos,2025,0.17237609965735134,0.23882902741581655,0.12709352840552893
yilber díaz,2025,0.1956228417779829,0.17838242661935963,0.10913602046438269
yimi garcía,2025,0.09035721613076445,0.2767866444347723,0.07525184636122156
yoendrys gómez,2025,0.19753689412580702,0.18361183328247968,0.10540770951693593
yohan ramírez,2025,0.13535404582733507,0.3181181843041867,0.1344651130362809
yoshinobu yamamoto,2025,0.20115110811552564,0.3933136266466233,0.18848493659259946
yosver zulueta,2025,0.24386042591548573,0.19546379859191407,0.15575095112840673
yu darvish,2025,0.1783630675782362,0.27821621186091,0.08434397015491228
yuki matsui,2025,0.12663984465799993,0.30395021471786665,0.11684605698108884
yusei kikuchi,2025,0.10758244345290925,0.48688356082134643,0.16875648061031648
zac gallen,2025,0.2745526398889539,0.42528961839429213,0.40623984418428255
zach agnos,2025,0.23584895232771283,0.27838253342320973,0.23490159296369748
zach brzykcy,2025,0.246334563278437,0.21119373152277507,0.1782508285457313
zach eflin,2025,0.2799911689860785,0.2433374356176056,0.21215238360622188
zach maxwell,2025,0.25775955366047515,0.2770578112025743,0.19444967047924222
zach pop,2025,0.4248561585345676,0.19068350537791823,0.2881924670655492
zach thompson,2025,0.26008670151606733,0.12091990862081324,0.08501533714920809
zack kelly,2025,0.2539277255788747,0.24309927552527721,0.20239300260901583
zack littell,2025,0.3654688130756391,0.31499540711438706,0.3294218138954423
zack wheeler,2025,0.2943100782282221,0.37510787235494586,0.36516229114479687
zak kent,2025,0.24613568735830965,0.25546915886515376,0.18583296017253736
zebby matthews,2025,0.27164874934603556,0.330498964600753,0.26966845014323165
